Name,Tier,Color,Weapon,MoveType,Rarities,HP,Atk,Spd,Def,Res,Total,Refines,Personal Weapon,Legendary/Mythic,Origin,Refresher,Stars,Obtain
Abel,Tier 4,Blue,Lance,Cavalry,stars-3-4,39,33,32,25,25,154,True,False,False,Fire Emblem: Mystery of the Emblem,False,"['3', '4']",NA
Adrift Camilla,Tier 3,Red,Tome,Flying,stars-5-Star,36,37,30,17,30,150,False,True,False,Fire Emblem Heroes,False,['5'],NA
Adrift Corrin (F),Tier 2,Green,Dragon,Infantry,stars-5-Star,41,31,37,32,27,168,False,True,False,Fire Emblem Fates,False,['5'],NA
Adrift Corrin (M),Tier 2,Blue,Dragon,Infantry,stars-5-Star,42,35,35,31,24,167,False,True,False,Fire Emblem Fates,False,['5'],NA
Alfonse,Tier 4,Red,Sword,Infantry,stars-4_Star_Story,43,35,25,32,22,157,True,True,False,Fire Emblem Heroes,False,['4'],Story
Alm,Tier 2,Red,Sword,Infantry,stars-5_Legacy,45,33,30,28,22,158,True,True,False,Fire Emblem Echoes,False,['5'],Legacy
Altina,Tier 1,Red,Sword,Flying,stars-5-Star,42,38,20,30,36,166,False,True,True,Fire Emblem: Radiant Dawn,False,['5'],NA
Amelia,Tier 1,Green,Axe,Armored,stars-5_Legacy,47,34,34,35,23,173,True,False,False,Fire Emblem: The Sacred Stones,False,['5'],Legacy
Anna,Tier 5,Green,Axe,Infantry,stars-4_Star_Story,41,29,38,22,28,158,True,True,False,Fire Emblem Heroes,False,['4'],Story
Arden,Tier 3,Red,Sword,Armored,stars-4-5,60,36,16,41,16,169,False,False,False,Fire Emblem: Genealogy of the Holy War,False,"['4', '5']",NA
Ares,Tier 2,Red,Sword,Cavalry,stars-3-4,40,36,30,33,18,157,False,True,False,Fire Emblem: Genealogy of the Holy War,False,"['3', '4']",NA
Arthur,Tier 5,Green,Axe,Infantry,stars-3-4,43,32,29,30,24,158,True,True,False,Fire Emblem Fates,False,"['3', '4']",NA
Arvis,Tier 3,Red,Tome,Infantry,stars-3-4_Grand_Hero_Battle,33,34,31,17,33,148,False,True,False,Fire Emblem: Genealogy of the Holy War,False,"['3', '4']",GHB
Astram,Tier 3,Red,Sword,Infantry,stars-3-4_Grand_Hero_Battle,44,35,36,36,21,172,False,True,False,Fire Emblem: Mystery of the Emblem,False,"['3', '4']",GHB
Athena,Tier 3,Red,Sword,Infantry,stars-3-4,36,31,38,27,24,156,True,True,False,Fire Emblem: New Mystery of the Emblem,False,"['3', '4']",NA
Aversa,Tier 2,Red,Tome,Flying,stars-3-4_Grand_Hero_Battle,42,33,34,17,24,150,False,True,False,Fire Emblem: Awakening,False,"['3', '4']",GHB
Ayra,Tier 2,Red,Sword,Infantry,stars-5_Legacy,41,33,37,31,21,163,False,True,False,Fire Emblem: Genealogy of the Holy War,False,['5'],Legacy
Azama,Tier 5,Gray,Staff,Infantry,stars-3-4,43,21,26,32,25,147,True,False,False,Fire Emblem Fates,False,"['3', '4']",NA
Azura,Tier 3,Blue,Lance,Infantry,stars-5_Legacy,36,31,33,21,28,149,False,False,False,Fire Emblem Fates,True,['5'],Legacy
Azura (Young),Tier 3,Green,Tome,Infantry,stars-4-5_Event:_Tempest_Trials,36,33,29,17,25,140,False,True,False,Fire Emblem Heroes,True,"['4', '5']",TT
Bantu,Tier 2,Red,Dragon,Infantry,stars-3-4,45,34,28,35,26,168,True,False,False,Fire Emblem: Mystery of the Emblem,False,"['3', '4']",NA
Barst,Tier 4,Green,Axe,Infantry,stars-3-4,46,33,32,30,17,158,False,False,False,Fire Emblem: Mystery of the Emblem,False,"['3', '4']",NA
Bartre,Tier 4,Green,Axe,Infantry,stars-3-4,49,36,25,33,13,156,True,True,False,Fire Emblem: The Binding Blade,False,"['3', '4']",NA
Berkut,Tier 5,Blue,Lance,Cavalry,stars-3-4_Grand_Hero_Battle,43,34,22,31,24,154,True,False,False,Fire Emblem Echoes,False,"['3', '4']",GHB
Beruka,Tier 3,Green,Axe,Flying,stars-3-4,46,29,23,37,22,157,True,True,False,Fire Emblem Fates,False,"['3', '4']",NA
Black Knight,Tier 1,Red,Sword,Armored,stars-4-5_Event:_Tempest_Trials,48,34,34,35,18,169,False,True,False,Fire Emblem: Path of Radiance,False,"['4', '5']",TT
Boey,Tier 4,Green,Tome,Infantry,stars-3-4,43,29,27,32,18,149,True,True,False,Fire Emblem Echoes,False,"['3', '4']",NA
Brady,Tier 3,Gray,Staff,Infantry,stars-4-5,41,33,32,23,28,157,True,False,False,Fire Emblem: Awakening,False,"['4', '5']",NA
Brave Alm,Tier 2,Red,Sword,Infantry,stars-5-Star,42,38,35,37,20,172,False,True,False,Fire Emblem Echoes,False,['5'],NA
Brave Camilla,Tier 2,Gray,Staff,Flying,stars-5-Star,39,33,37,21,25,155,False,True,False,Fire Emblem Fates,False,['5'],NA
Brave Celica,Tier 2,Red,Sword,Infantry,stars-5-Star,38,33,39,29,24,163,False,True,False,Fire Emblem Echoes,False,['5'],NA
Brave Eliwood,Tier 2,Blue,Lance,Cavalry,stars-5-Star,40,37,35,32,18,162,False,True,False,Fire Emblem: The Blazing Blade,False,['5'],NA
Brave Ephraim,Tier 2,Green,Axe,Armored,stars-5-Star,46,38,27,37,26,174,False,True,False,Fire Emblem: The Sacred Stones,False,['5'],NA
Brave Hector,Tier 1,Blue,Lance,Armored,stars-5-Star,48,37,22,39,28,174,False,True,False,Fire Emblem: The Blazing Blade,False,['5'],NA
Brave Ike,Tier 1,Green,Axe,Infantry,stars-5_Legacy,43,36,28,35,20,162,True,True,False,Fire Emblem: Radiant Dawn,False,['5'],Legacy
Brave Lucina,Tier 1,Blue,Lance,Infantry,stars-5_Legacy,41,34,36,27,19,157,True,True,False,Fire Emblem: Awakening,False,['5'],Legacy
Brave Lyn,Tier 2,Gray,Bow,Cavalry,stars-5_Legacy,35,33,35,18,28,149,True,True,False,Fire Emblem: The Blazing Blade,False,['5'],Legacy
Brave Micaiah,Tier 2,Green,Tome,Flying,stars-5-Star,36,37,28,17,37,155,False,True,False,Fire Emblem: Radiant Dawn,False,['5'],NA
Brave Roy,Tier 2,Red,Sword,Cavalry,stars-5_Legacy,38,32,34,26,24,154,True,True,False,Fire Emblem: The Binding Blade,False,['5'],Legacy
Brave Veronica,Tier 1,Gray,Staff,Cavalry,stars-5-Star,36,32,36,21,19,144,False,True,False,Fire Emblem Heroes,False,['5'],NA
Bridal Caeda,Tier 4,Blue,Tome,Infantry,stars-5-Star,33,29,37,19,30,148,True,False,False,Fire Emblem: Mystery of the Emblem,False,['5'],NA
Bridal Charlotte,Tier 4,Blue,Lance,Infantry,stars-5-Star,46,36,32,24,19,157,True,False,False,Fire Emblem Fates,False,['5'],NA
Bridal Cordelia,Tier 3,Gray,Bow,Infantry,stars-5-Star,36,35,35,19,22,147,True,False,False,Fire Emblem: Awakening,False,['5'],NA
Bridal Fjorm,Tier 1,Gray,Staff,Flying,stars-5-Star,42,34,34,17,23,150,False,False,False,Fire Emblem Heroes,False,['5'],NA
Bridal Louise,Tier 3,Gray,Bow,Cavalry,stars-4-5_Event:_Tempest_Trials,39,31,34,17,30,151,True,False,False,Fire Emblem: The Blazing Blade,False,"['4', '5']",TT
Bridal Lyn,Tier 4,Gray,Staff,Infantry,stars-5-Star,39,28,34,23,24,148,True,False,False,Fire Emblem: The Blazing Blade,False,['5'],NA
Bridal Ninian,Tier 2,Blue,Tome,Flying,stars-5-Star,34,28,33,18,27,140,True,False,False,Fire Emblem Heroes,True,['5'],NA
Bridal Sanaki,Tier 3,Green,Tome,Flying,stars-5-Star,35,36,30,16,33,150,False,True,False,Fire Emblem Heroes,False,['5'],NA
Bridal Sigrun,Tier 3,Red,Sword,Flying,stars-5-Star,35,31,38,27,31,162,True,False,False,Fire Emblem: Path of Radiance,False,['5'],NA
Bridal Tanith,Tier 4,Blue,Lance,Flying,stars-5-Star,37,34,36,33,21,161,True,False,False,Fire Emblem: Path of Radiance,False,['5'],NA
Bridal Tharja,Tier 3,Red,Tome,Infantry,stars-5-Star,39,35,35,21,21,151,False,True,False,Fire Emblem Heroes,False,['5'],NA
Brunnya,Tier 2,Blue,Tome,Infantry,stars-4-5_Event:_Tempest_Trials,42,35,31,21,33,162,False,True,False,Fire Emblem: The Binding Blade,False,"['4', '5']",TT
Byleth (F),Tier 1,Red,Sword,Infantry,stars-5-Star,40,34,40,33,21,168,False,True,False,Fire Emblem: Three Houses,False,['5'],NA
Byleth (M),Tier 1,Red,Sword,Infantry,stars-5-Star,40,36,38,34,20,168,False,True,False,Fire Emblem: Three Houses,False,['5'],NA
Caeda,Tier 3,Red,Sword,Flying,stars-3-4,36,25,37,24,34,156,True,True,False,Fire Emblem: Mystery of the Emblem,False,"['3', '4']",NA
Cain,Tier 4,Red,Sword,Cavalry,stars-3-4,42,32,32,27,21,154,True,False,False,Fire Emblem: Mystery of the Emblem,False,"['3', '4']",NA
Caineghis,Tier 1,Gray,Beast,Armored,stars-5-Star,47,37,23,37,30,174,False,False,False,Fire Emblem: Path of Radiance,False,['5'],NA
Camilla,Tier 3,Green,Axe,Flying,stars-3-4,37,30,32,28,31,158,True,True,False,Fire Emblem Fates,False,"['3', '4']",NA
Camus,Tier 4,Blue,Lance,Cavalry,stars-3-4_Grand_Hero_Battle,42,32,33,31,17,155,False,True,False,Fire Emblem: Mystery of the Emblem,False,"['3', '4']",GHB
Canas,Tier 5,Red,Tome,Infantry,stars-4-5_Event:_Tempest_Trials,36,32,29,21,33,151,True,False,False,Fire Emblem: The Blazing Blade,False,"['4', '5']",TT
Catria,Tier 2,Blue,Lance,Flying,stars-3-4,39,31,34,29,25,158,True,True,False,Fire Emblem Gaiden,False,"['3', '4']",NA
Cecilia,Tier 4,Green,Tome,Cavalry,stars-3-4,36,32,25,22,29,144,False,False,False,Fire Emblem: The Binding Blade,False,"['3', '4']",NA
Celica,Tier 2,Red,Tome,Infantry,stars-5_Legacy,39,32,33,22,22,148,True,True,False,Fire Emblem Echoes,False,['5'],Legacy
Chad,Tier 4,Gray,Dagger,Infantry,stars-3-4,45,30,37,26,23,161,True,False,False,Fire Emblem: The Binding Blade,False,"['3', '4']",NA
Cherche,Tier 3,Green,Axe,Flying,stars-3-4,46,38,25,32,16,157,True,True,False,Fire Emblem: Awakening,False,"['3', '4']",NA
Chrom,Tier 3,Red,Sword,Infantry,stars-3-4,47,37,25,31,17,157,True,True,False,Fire Emblem: Awakening,False,"['3', '4']",NA
Clair,Tier 3,Blue,Lance,Flying,stars-3-4,37,26,36,24,33,156,True,True,False,Fire Emblem Echoes,False,"['3', '4']",NA
Clarine,Tier 3,Gray,Staff,Cavalry,stars-3-4,35,25,33,22,29,144,True,False,False,Fire Emblem: The Binding Blade,False,"['3', '4']",NA
Clarisse,Tier 5,Gray,Bow,Infantry,stars-3-4_Grand_Hero_Battle,37,31,34,25,20,147,True,False,False,Fire Emblem: New Mystery of the Emblem,False,"['3', '4']",GHB
Claude,Tier 2,Gray,Bow,Cavalry,stars-5-Star,39,33,37,20,21,150,False,True,False,Fire Emblem: Three Houses,False,['5'],NA
Clive,Tier 5,Blue,Lance,Cavalry,stars-4-5_Event:_Tempest_Trials,45,33,25,32,19,154,True,True,False,Fire Emblem Echoes,False,"['4', '5']",TT
Conrad,Tier 4,Blue,Lance,Cavalry,stars-3-4_Grand_Hero_Battle,40,31,22,34,35,162,True,False,False,Fire Emblem Echoes,False,"['3', '4']",GHB
Cordelia,Tier 4,Blue,Lance,Flying,stars-3-4,40,35,35,22,25,157,False,False,False,Fire Emblem: Awakening,False,"['3', '4']",NA
Cormag,Tier 4,Blue,Lance,Flying,stars-3-4_Grand_Hero_Battle,42,36,32,34,23,167,True,False,False,Fire Emblem: The Sacred Stones,False,"['3', '4']",GHB
Corrin (F),Tier 3,Blue,Dragon,Infantry,stars-3-4,41,27,34,34,21,157,True,False,False,Fire Emblem Fates,False,"['3', '4']",NA
Corrin (M),Tier 2,Red,Sword,Infantry,stars-3-4,42,32,32,28,24,158,True,True,False,Fire Emblem Fates,False,"['3', '4']",NA
Cynthia,Tier 4,Blue,Lance,Flying,stars-3-4_Grand_Hero_Battle,38,32,37,27,29,163,False,False,False,Fire Emblem: Awakening,False,"['3', '4']",GHB
Death Knight,Tier 3,Blue,Lance,Cavalry,stars-3-4_Grand_Hero_Battle,40,35,25,30,27,157,False,True,False,Fire Emblem: Three Houses,False,"['3', '4']",GHB
Deirdre,Tier 2,Green,Tome,Infantry,stars-5_Legacy,36,33,28,16,35,148,True,True,False,Fire Emblem: Genealogy of the Holy War,False,['5'],Legacy
Delthea,Tier 3,Blue,Tome,Infantry,stars-5_Legacy,33,36,34,13,31,147,True,True,False,Fire Emblem Echoes,False,['5'],Legacy
Dimitri,Tier 2,Blue,Lance,Cavalry,stars-5-Star,40,36,29,34,18,157,False,True,False,Fire Emblem: Three Houses,False,['5'],NA
Donnel,Tier 4,Blue,Lance,Infantry,stars-3-4,43,35,29,32,23,162,False,False,False,Fire Emblem: Awakening,False,"['3', '4']",NA
Dorcas,Tier 3,Green,Axe,Infantry,stars-5_Legacy,45,35,23,35,24,162,False,True,False,Fire Emblem: The Blazing Blade,False,['5'],Legacy
Draug,Tier 3,Red,Sword,Armored,stars-3-4,50,30,32,39,18,169,False,False,False,Fire Emblem: Mystery of the Emblem,False,"['3', '4']",NA
Duma,Tier 2,Gray,Dragon,Armored,stars-5-Star,48,40,21,34,31,174,False,True,True,Fire Emblem Echoes,False,['5'],NA
Duo Ephraim,Tier 1,Blue,Lance,Infantry,stars-5-Star,41,39,30,37,25,172,False,True,False,Fire Emblem: The Sacred Stones,False,['5'],NA
Echidna,Tier 3,Green,Axe,Infantry,stars-4-5,45,34,36,30,27,172,True,False,False,Fire Emblem: The Binding Blade,False,"['4', '5']",NA
Edelgard,Tier 2,Green,Axe,Infantry,stars-5-Star,41,39,30,37,21,168,False,True,False,Fire Emblem: Three Houses,False,['5'],NA
Effie,Tier 3,Blue,Lance,Armored,stars-3-4,50,40,22,33,23,168,True,False,False,Fire Emblem Fates,False,"['3', '4']",NA
Eir,Tier 2,Gray,Dagger,Flying,stars-5-Star,35,32,37,14,31,149,False,True,True,Fire Emblem Heroes,False,['5'],NA
Eirika,Tier 3,Red,Sword,Infantry,stars-3-4,42,26,35,26,28,157,True,True,False,Fire Emblem: The Sacred Stones,False,"['3', '4']",NA
Eirika (SM),Tier 3,Red,Tome,Cavalry,stars-5-Star,36,31,35,20,22,144,False,True,False,Fire Emblem: The Sacred Stones,False,['5'],NA
Eldigan,Tier 3,Red,Sword,Cavalry,stars-5_Legacy,45,32,24,34,19,154,True,True,False,Fire Emblem: Genealogy of the Holy War,False,['5'],Legacy
Elincia,Tier 2,Red,Sword,Flying,stars-5_Legacy,35,34,36,24,27,156,True,True,False,Fire Emblem: Path of Radiance,False,['5'],Legacy
Elise,Tier 2,Gray,Staff,Cavalry,stars-5_Legacy,30,32,32,19,32,145,True,False,False,Fire Emblem Fates,False,['5'],Legacy
Eliwood,Tier 2,Red,Sword,Cavalry,stars-3-4,39,31,30,23,32,155,True,True,False,Fire Emblem: The Binding Blade,False,"['3', '4']",NA
Eliwood (LA),Tier 2,Blue,Lance,Armored,stars-4-5_Event:_Tempest_Trials,47,38,32,29,29,175,True,False,False,Fire Emblem: The Blazing Blade,False,"['4', '5']",TT
Ephraim,Tier 3,Blue,Lance,Infantry,stars-5_Legacy,45,35,25,32,20,157,True,True,False,Fire Emblem: The Sacred Stones,False,['5'],Legacy
Est,Tier 2,Blue,Lance,Flying,stars-3-4,36,35,30,24,32,157,True,True,False,Fire Emblem Gaiden,False,"['3', '4']",NA
Ethlyn,Tier 3,Gray,Staff,Cavalry,stars-4-5_Event:_Tempest_Trials,38,28,34,26,20,146,True,False,False,Fire Emblem: Genealogy of the Holy War,False,"['4', '5']",TT
Ewan,Tier 2,Red,Tome,Infantry,stars-5-Star,38,37,33,23,35,166,True,False,False,Fire Emblem: The Sacred Stones,False,['5'],NA
Exalted Chrom,Tier 3,Red,Sword,Cavalry,stars-5-Star,41,37,28,34,17,157,False,True,False,Fire Emblem: Awakening,False,['5'],NA
Eyvel,,Red,Sword,Infantry,stars-5-Star,41,33,35,38,25,172,True,False,False,Fire Emblem: Thracia 776,False,['5'],NA
Fae,Tier 2,Green,Dragon,Infantry,stars-3-4,46,33,28,25,30,162,True,False,False,Fire Emblem: The Binding Blade,False,"['3', '4']",NA
Fallen Berkut,Tier 3,Blue,Lance,Cavalry,stars-5-Star,40,35,17,35,30,157,False,False,False,Fire Emblem Echoes,False,['5'],NA
Fallen Celica,Tier 3,Red,Sword,Infantry,stars-5-Star,40,35,35,27,26,163,False,True,False,Fire Emblem Echoes,False,['5'],NA
Fallen Corrin (F),Tier 1,Gray,Dragon,Infantry,stars-5-Star,43,35,37,31,27,173,False,False,False,Fire Emblem Fates,False,['5'],NA
Fallen Delthea,Tier 3,Blue,Tome,Infantry,stars-3-4_Grand_Hero_Battle,41,36,33,19,28,157,False,False,False,Fire Emblem Echoes,False,"['3', '4']",GHB
Fallen Hardin,Tier 2,Blue,Lance,Armored,stars-5-Star,45,34,28,36,32,175,False,True,False,Fire Emblem: Mystery of the Emblem,False,['5'],NA
Fallen Mareeta,Tier 2,Red,Sword,Infantry,stars-5-Star,42,33,41,29,23,168,False,False,False,Fire Emblem: Thracia 776,False,['5'],NA
Fallen Robin (M),Tier 2,Green,Dragon,Armored,stars-5-Star,48,40,24,35,27,174,False,True,False,Fire Emblem: Awakening,False,['5'],NA
Fallen Takumi,Tier 4,Gray,Bow,Infantry,stars-3-4_Grand_Hero_Battle,37,31,34,25,24,151,False,True,False,Fire Emblem Fates,False,"['3', '4']",GHB
Fallen Tiki (Young),Tier 1,Gray,Dragon,Armored,stars-5-Star,45,36,34,37,28,180,False,False,False,Fire Emblem: Mystery of the Emblem,False,['5'],NA
Faye,Tier 3,Gray,Bow,Infantry,stars-5_Legacy,42,30,25,26,31,154,True,False,False,Fire Emblem Echoes,False,['5'],Legacy
Felicia,Tier 3,Gray,Dagger,Infantry,stars-3-4,34,23,37,18,35,147,True,True,False,Fire Emblem Fates,False,"['3', '4']",NA
Finn,Tier 4,Blue,Lance,Cavalry,stars-4-5_Event:_Tempest_Trials,40,34,33,32,18,157,False,False,False,Fire Emblem: Thracia 776,False,"['4', '5']",TT
Fir,Tier 3,Red,Sword,Infantry,stars-3-4,41,25,36,24,31,157,True,True,False,Fire Emblem: The Binding Blade,False,"['3', '4']",NA
Fjorm,Tier 3,Blue,Lance,Infantry,stars-5-Star,39,30,31,30,34,164,False,True,True,Fire Emblem Heroes,False,['5'],NA
Flora,Tier 3,Red,Dagger,Infantry,stars-5-Star,38,34,23,18,38,151,False,True,False,Fire Emblem Fates,False,['5'],NA
Florina,Tier 5,Blue,Lance,Flying,stars-3-4,42,29,27,25,34,157,True,True,False,Fire Emblem: The Blazing Blade,False,"['3', '4']",NA
Forsyth,Tier 2,Blue,Lance,Armored,stars-5-Star,47,40,20,39,33,179,False,True,False,Fire Emblem Echoes,False,['5'],NA
Frederick,Tier 4,Green,Axe,Cavalry,stars-3-4,43,35,25,36,14,153,True,True,False,Fire Emblem: Awakening,False,"['3', '4']",NA
Gaius,Tier 4,Gray,Dagger,Infantry,stars-3-4,42,29,36,22,19,148,True,False,False,Fire Emblem: Awakening,False,"['3', '4']",NA
Garon,Tier 2,Red,Dragon,Infantry,stars-3-4_Grand_Hero_Battle,43,33,22,33,32,163,False,True,False,Fire Emblem Fates,False,"['3', '4']",GHB
Genny,Tier 4,Gray,Staff,Infantry,stars-5_Legacy,32,35,25,21,34,147,True,False,False,Fire Emblem Echoes,False,['5'],Legacy
Gerik,Tier 3,Green,Axe,Infantry,stars-5-Star,47,37,36,30,22,172,False,False,False,Fire Emblem: The Sacred Stones,False,['5'],NA
Gerome,Tier 4,Green,Axe,Flying,stars-4-5_Event:_Tempest_Trials,45,38,25,34,19,161,True,False,False,Fire Emblem: Awakening,False,"['4', '5']",TT
Gharnef,Tier 4,Red,Tome,Infantry,stars-3-4_Grand_Hero_Battle,38,30,34,27,23,152,False,True,False,Fire Emblem Heroes,False,"['3', '4']",GHB
Gordin,Tier 3,Gray,Bow,Infantry,stars-3-4,43,31,25,32,17,148,True,True,False,Fire Emblem: Mystery of the Emblem,False,"['3', '4']",NA
Gray,Tier 4,Red,Sword,Infantry,stars-5_Legacy,43,35,32,30,22,162,True,False,False,Fire Emblem Echoes,False,['5'],Legacy
Groom Marth,Tier 4,Green,Axe,Cavalry,stars-4-5_Event:_Tempest_Trials,40,31,36,30,20,157,True,False,False,Fire Emblem: Mystery of the Emblem,False,"['4', '5']",TT
Groom Pent,Tier 3,Blue,Tome,Cavalry,stars-5-Star,37,33,34,19,21,144,True,False,False,Fire Emblem: The Blazing Blade,False,['5'],NA
Gunnthrá,Tier 3,Green,Tome,Cavalry,stars-5-Star,37,31,33,19,25,145,False,True,True,Fire Emblem Heroes,False,['5'],NA
Gunter,Tier 5,Green,Axe,Cavalry,stars-3-4,43,32,24,33,18,150,True,False,False,Fire Emblem Fates,False,"['3', '4']",NA
Gwendolyn,Tier 3,Blue,Lance,Armored,stars-3-4,49,30,24,38,28,169,False,False,False,Fire Emblem: The Binding Blade,False,"['3', '4']",NA
Haar,Tier 4,Green,Axe,Flying,stars-3-4_Grand_Hero_Battle,45,37,25,36,18,161,False,False,False,Fire Emblem: Radiant Dawn,False,"['3', '4']",GHB
Halloween Dorcas,Tier 2,Green,Axe,Armored,stars-4-5_Event:_Tempest_Trials,49,41,25,37,21,173,True,False,False,Fire Emblem: The Blazing Blade,False,"['4', '5']",TT
Halloween Dozla,Tier 2,Gray,Dagger,Armored,stars-5-Star,45,38,29,35,27,174,True,False,False,Fire Emblem: The Sacred Stones,False,['5'],NA
Halloween Hector,Tier 1,Red,Sword,Armored,stars-5-Star,47,41,26,39,27,180,False,True,False,Fire Emblem: The Blazing Blade,False,['5'],NA
Halloween Henry,Tier 2,Green,Tome,Armored,stars-5-Star,36,33,34,26,36,165,True,False,False,Fire Emblem: Awakening,False,['5'],NA
Halloween Ilyana,Tier 2,Blue,Tome,Armored,stars-5-Star,41,38,23,30,37,169,True,False,False,Fire Emblem: Path of Radiance,False,['5'],NA
Halloween Jakob,Tier 1,Gray,Bow,Armored,stars-5-Star,42,35,23,33,32,165,True,False,False,Fire Emblem Fates,False,['5'],NA
Halloween Kagero,Tier 2,Green,Dagger,Armored,stars-5-Star,41,38,21,32,33,165,True,False,False,Fire Emblem Heroes,False,['5'],NA
Halloween L'Arachel,Tier 3,Green,Tome,Cavalry,stars-5-Star,39,36,34,22,20,151,True,False,False,Fire Emblem: The Sacred Stones,False,['5'],NA
Halloween Mia,Tier 2,Gray,Staff,Flying,stars-5-Star,36,30,34,22,28,150,True,False,False,Fire Emblem Heroes,False,['5'],NA
Halloween Myrrh,Tier 2,Red,Dragon,Armored,stars-5-Star,46,38,23,40,32,179,False,True,False,Fire Emblem Heroes,False,['5'],NA
Halloween Niles,Tier 2,Blue,Bow,Armored,stars-5-Star,37,34,39,25,29,164,True,False,False,Fire Emblem Fates,False,['5'],NA
Halloween Nowi,Tier 3,Red,Tome,Flying,stars-5-Star,34,34,32,20,27,147,False,True,False,Fire Emblem: Awakening,False,['5'],NA
Halloween Rolf,Tier 3,Gray,Bow,Cavalry,stars-4-5_Event:_Tempest_Trials,40,30,36,28,23,157,True,False,False,Fire Emblem: Path of Radiance,False,"['4', '5']",TT
Halloween Sakura,Tier 4,Gray,Dagger,Infantry,stars-5-Star,33,32,34,14,34,147,False,False,False,Fire Emblem Fates,False,['5'],NA
Hana,Tier 3,Red,Sword,Infantry,stars-3-4,37,35,36,23,26,157,True,False,False,Fire Emblem Fates,False,"['3', '4']",NA
Hawkeye,Tier 3,Green,Axe,Infantry,stars-3-4,45,33,22,28,30,158,True,True,False,Fire Emblem: The Blazing Blade,False,"['3', '4']",NA
Hector,Tier 2,Green,Axe,Armored,stars-5_Legacy,52,36,24,37,19,168,True,True,False,Fire Emblem: The Binding Blade,False,['5'],Legacy
Hector (LA),Tier 1,Green,Axe,Armored,stars-5-Star,50,38,21,40,24,173,False,True,False,Fire Emblem: The Blazing Blade,False,['5'],NA
Helbindi,Tier 3,Green,Axe,Infantry,stars-5-Star,44,35,18,35,31,163,False,True,False,Fire Emblem Heroes,False,['5'],NA
Henry,Tier 5,Red,Tome,Infantry,stars-3-4,45,23,22,32,25,147,False,False,False,Fire Emblem: Awakening,False,"['3', '4']",NA
Hilda,Tier 2,Green,Axe,Infantry,stars-5-Star,43,37,37,28,23,168,False,True,False,Fire Emblem: Three Houses,False,['5'],NA
Hinata,Tier 4,Red,Sword,Infantry,stars-3-4,47,32,24,36,18,157,True,True,False,Fire Emblem Fates,False,"['3', '4']",NA
Hinoka,Tier 3,Blue,Lance,Flying,stars-5_Legacy,41,35,32,25,24,157,True,True,False,Fire Emblem Fates,False,['5'],Legacy
Hinoka (WF),Tier 2,Gray,Bow,Flying,stars-5-Star,37,32,35,17,29,150,False,True,False,Fire Emblem Fates,False,['5'],NA
Hoshidan Summer Elincia,Tier 3,Green,Dagger,Infantry,stars-5-Star,34,29,35,20,21,139,True,False,False,Fire Emblem Heroes,True,['5'],NA
Hoshidan Summer Micaiah,Tier 1,Red,Tome,Infantry,stars-5-Star,33,34,20,18,34,139,False,True,False,Fire Emblem Heroes,True,['5'],NA
Hoshidan Summer Ryoma,Tier 3,Blue,Dagger,Infantry,stars-5-Star,36,32,34,21,17,140,True,False,False,Fire Emblem Heroes,True,['5'],NA
Hoshidan Summer Xander,Tier 3,Gray,Dagger,Infantry,stars-5-Star,38,35,17,34,16,140,True,False,False,Fire Emblem Fates,True,['5'],NA
Hostile Springs Camilla,Tier 3,Gray,Dagger,Flying,stars-4-5_Event:_Tempest_Trials,38,33,35,17,28,151,True,False,False,Fire Emblem Heroes,False,"['4', '5']",TT
Hostile Springs Elise,Tier 3,Red,Dagger,Cavalry,stars-5-Star,34,33,37,18,22,144,True,False,False,Fire Emblem Fates,False,['5'],NA
Hostile Springs Hinoka,Tier 3,Green,Dagger,Flying,stars-5-Star,38,35,35,16,26,150,True,False,False,Fire Emblem Fates,False,['5'],NA
Hostile Springs Ryoma,Tier 4,Blue,Lance,Flying,stars-5-Star,40,35,36,28,23,162,True,False,False,Fire Emblem Heroes,False,['5'],NA
Hostile Springs Sakura,Tier 2,Gray,Staff,Flying,stars-5-Star,36,35,32,26,21,150,True,False,False,Fire Emblem Heroes,False,['5'],NA
Hríd,Tier 2,Red,Sword,Cavalry,stars-5-Star,41,37,17,36,26,157,False,True,True,Fire Emblem Heroes,False,['5'],NA
Hubert,Tier 2,Red,Tome,Infantry,stars-5-Star,41,39,32,19,25,156,True,False,False,Fire Emblem: Three Houses,False,['5'],NA
Idunn,Tier 1,Red,Dragon,Armored,stars-5-Star,45,35,26,39,34,179,False,True,False,Fire Emblem: The Binding Blade,False,['5'],NA
Igrene,Tier 2,Red,Bow,Infantry,stars-5-Star,42,37,37,26,24,166,False,True,False,Fire Emblem: The Binding Blade,False,['5'],NA
Ike,Tier 3,Red,Sword,Infantry,stars-5_Legacy,42,35,31,32,18,158,False,True,False,Fire Emblem: Path of Radiance,False,['5'],Legacy
Innes,Tier 3,Gray,Bow,Infantry,stars-5_Legacy,35,33,34,14,31,147,True,True,False,Fire Emblem: The Sacred Stones,False,['5'],Legacy
Ishtar,Tier 2,Blue,Tome,Infantry,stars-5-Star,38,34,36,17,26,151,False,True,False,Fire Emblem: Genealogy of the Holy War,False,['5'],NA
Jaffar,Tier 4,Gray,Dagger,Infantry,stars-5_Legacy,41,26,33,25,22,147,True,True,False,Fire Emblem: The Blazing Blade,False,['5'],Legacy
Jagen,Tier 5,Blue,Lance,Cavalry,stars-3-4,37,27,24,25,35,148,True,False,False,Fire Emblem: Mystery of the Emblem,False,"['3', '4']",NA
Jakob,Tier 5,Gray,Dagger,Infantry,stars-3-4,39,29,31,25,24,148,True,False,False,Fire Emblem Fates,False,"['3', '4']",NA
Jamke,Tier 3,Gray,Bow,Infantry,stars-3-4_Grand_Hero_Battle,38,36,32,29,17,152,True,False,False,Fire Emblem: Genealogy of the Holy War,False,"['3', '4']",GHB
Jeorge,Tier 4,Gray,Bow,Infantry,stars-3-4,37,32,32,24,22,147,True,True,False,Fire Emblem: Mystery of the Emblem,False,"['3', '4']",NA
Joshua,Tier 4,Red,Sword,Infantry,stars-4-5_Event:_Tempest_Trials,40,31,35,30,28,164,False,True,False,Fire Emblem: The Sacred Stones,False,"['4', '5']",TT
Julia,Tier 2,Green,Tome,Infantry,stars-5_Legacy,38,35,26,17,32,148,True,True,False,Fire Emblem: Genealogy of the Holy War,False,['5'],Legacy
Julius,Tier 4,Red,Tome,Infantry,stars-3-4_Grand_Hero_Battle,38,35,27,16,35,151,False,True,False,Fire Emblem: Genealogy of the Holy War,False,"['3', '4']",GHB
Kaden,Tier 2,Green,Beast,Cavalry,stars-5-Star,38,32,36,25,25,156,False,False,False,Fire Emblem Fates,False,['5'],NA
Kagero,Tier 3,Gray,Dagger,Infantry,stars-3-4,31,35,32,22,28,148,True,True,False,Fire Emblem Fates,False,"['3', '4']",NA
Kana (F),Tier 1,Green,Dragon,Infantry,stars-5-Star,40,30,34,33,26,163,True,True,False,Fire Emblem Fates,False,['5'],NA
Kana (M),Tier 2,Blue,Dragon,Infantry,stars-3-4_Grand_Hero_Battle,40,31,33,31,29,164,True,False,False,Fire Emblem Fates,False,"['3', '4']",GHB
Karel,Tier 3,Red,Sword,Infantry,stars-5_Legacy,47,30,35,25,20,157,True,True,False,Fire Emblem: The Blazing Blade,False,['5'],Legacy
Karla,Tier 2,Red,Sword,Infantry,stars-5-Star,42,35,40,23,22,162,False,True,False,Fire Emblem: The Blazing Blade,False,['5'],NA
Katarina,Tier 3,Red,Tome,Infantry,stars-5_Legacy,34,32,34,15,32,147,True,True,False,Fire Emblem: New Mystery of the Emblem,False,['5'],Legacy
Kaze,Tier 3,Gray,Dagger,Infantry,stars-3-4,34,30,36,17,34,151,True,False,False,Fire Emblem Fates,False,"['3', '4']",NA
Keaton,Tier 1,Red,Beast,Infantry,stars-5-Star,45,41,24,38,19,167,False,False,False,Fire Emblem Fates,False,['5'],NA
Kempf,,Red,Sword,Cavalry,stars-3-4_Grand_Hero_Battle,42,33,33,27,26,161,False,True,False,Fire Emblem: Thracia 776,False,"['3', '4']",GHB
Kjelle,Tier 2,Blue,Lance,Armored,stars-5-Star,47,40,22,37,28,174,True,False,False,Fire Emblem: Awakening,False,['5'],NA
Klein,Tier 3,Gray,Bow,Infantry,stars-3-4,40,31,33,20,24,148,True,False,False,Fire Emblem: The Binding Blade,False,"['3', '4']",NA
Kliff,Tier 3,Blue,Tome,Infantry,stars-5-Star,37,30,37,25,28,157,False,True,False,Fire Emblem Echoes,False,['5'],NA
Kronya,Tier 2,Gray,Dagger,Infantry,stars-3-4_Grand_Hero_Battle,44,31,39,22,26,162,False,True,False,Fire Emblem: Three Houses,False,"['3', '4']",GHB
L'Arachel,Tier 3,Blue,Tome,Cavalry,stars-3-4,33,33,31,17,31,145,False,True,False,Fire Emblem: The Sacred Stones,False,"['3', '4']",NA
Lachesis,Tier 4,Gray,Staff,Infantry,stars-3-4,39,32,25,22,30,148,True,False,False,Fire Emblem: Genealogy of the Holy War,False,"['3', '4']",NA
Laegjarn,Tier 2,Red,Sword,Flying,stars-5-Star,41,32,36,36,17,162,False,True,False,Fire Emblem Heroes,False,['5'],NA
Laevatein,Tier 1,Red,Sword,Infantry,stars-5-Star,39,37,31,34,22,163,False,True,False,Fire Emblem Heroes,False,['5'],NA
Larum,Tier 3,Gray,Dagger,Infantry,stars-5-Star,37,32,39,18,30,156,True,False,False,Fire Emblem: The Binding Blade,True,['5'],NA
Laslow,Tier 5,Red,Sword,Infantry,stars-3-4,44,35,26,30,22,157,True,False,False,Fire Emblem Fates,False,"['3', '4']",NA
Leanne,Tier 2,Gray,Beast,Flying,stars-5-Star,36,27,37,16,34,150,False,True,False,Fire Emblem: Radiant Dawn,True,['5'],NA
Legault,Tier 3,Gray,Dagger,Infantry,stars-3-4,39,31,38,24,19,151,True,False,False,Fire Emblem: The Blazing Blade,False,"['3', '4']",NA
Legendary Alm,Tier 1,Gray,Bow,Infantry,stars-5-Star,40,37,37,26,22,162,False,False,True,Fire Emblem Gaiden,False,['5'],NA
Legendary Azura,Tier 1,Blue,Tome,Flying,stars-5-Star,33,30,35,17,24,139,False,True,True,Fire Emblem Fates,True,['5'],NA
Legendary Celica,,Green,Tome,Infantry,stars-5-Star,40,38,38,18,28,162,False,True,True,Fire Emblem Echoes,False,['5'],NA
Legendary Eirika,Tier 2,Red,Sword,Cavalry,stars-5-Star,38,31,39,27,21,156,False,True,True,Fire Emblem Heroes,False,['5'],NA
Legendary Eliwood,Tier 1,Red,Sword,Cavalry,stars-5-Star,37,36,34,33,16,156,False,True,True,Fire Emblem: The Blazing Blade,False,['5'],NA
Legendary Ephraim,Tier 2,Blue,Lance,Cavalry,stars-5-Star,43,36,27,33,18,157,False,True,True,Fire Emblem: The Sacred Stones,False,['5'],NA
Legendary Hector,Tier 1,Green,Axe,Armored,stars-5-Star,47,40,23,38,26,174,False,True,True,Fire Emblem: The Binding Blade,False,['5'],NA
Legendary Ike,Tier 2,Red,Sword,Infantry,stars-5-Star,41,36,30,35,21,163,False,True,True,Fire Emblem: Radiant Dawn,False,['5'],NA
Legendary Julia,Tier 2,Blue,Tome,Infantry,stars-5-Star,40,39,28,19,36,162,False,True,False,Fire Emblem: Genealogy of the Holy War,False,['5'],NA
Legendary Leif,Tier 1,Gray,Bow,Cavalry,stars-5-Star,40,38,22,29,27,156,False,True,True,Fire Emblem: Genealogy of the Holy War,False,['5'],NA
Legendary Lucina,Tier 2,Blue,Bow,Infantry,stars-5-Star,36,34,35,25,20,150,False,True,True,Fire Emblem: Awakening,False,['5'],NA
Legendary Lyn,Tier 3,Green,Bow,Infantry,stars-5-Star,36,31,36,21,27,151,False,True,True,Fire Emblem: The Blazing Blade,False,['5'],NA
Legendary Marth,Tier 1,Red,Sword,Infantry,stars-5-Star,40,34,36,32,21,163,False,True,True,Fire Emblem Heroes,False,['5'],NA
Legendary Robin (F),Tier 2,Gray,Dragon,Flying,stars-5-Star,40,32,35,30,25,162,False,True,True,Fire Emblem: Awakening,False,['5'],NA
Legendary Roy,Tier 1,Red,Sword,Infantry,stars-5-Star,39,34,38,32,26,169,False,True,True,Fire Emblem Heroes,False,['5'],NA
Legendary Ryoma,Tier 2,Red,Sword,Flying,stars-5-Star,41,34,39,28,20,162,False,True,True,Fire Emblem Fates,False,['5'],NA
Legendary Tiki (Young),Tier 1,Blue,Dragon,Armored,stars-5-Star,45,34,35,37,29,180,False,True,True,Fire Emblem Heroes,False,['5'],NA
Legion,Tier 3,Green,Axe,Infantry,stars-3-4_Grand_Hero_Battle,46,36,35,22,18,157,True,False,False,Fire Emblem: New Mystery of the Emblem,False,"['3', '4']",GHB
Leif,Tier 3,Red,Sword,Infantry,stars-5-Star,40,32,38,30,23,163,False,True,False,Fire Emblem: Thracia 776,False,['5'],NA
Lene,Tier 3,Red,Sword,Infantry,stars-5-Star,35,28,35,23,28,149,True,False,False,Fire Emblem: Genealogy of the Holy War,True,['5'],NA
Leo,Tier 4,Red,Tome,Cavalry,stars-5_Legacy,39,29,22,25,30,145,True,True,False,Fire Emblem Fates,False,['5'],Legacy
Leon,Tier 3,Gray,Bow,Infantry,stars-3-4,39,34,30,30,15,148,True,False,False,Fire Emblem Gaiden,False,"['3', '4']",NA
Lethe,Tier 2,Red,Beast,Cavalry,stars-5-Star,41,33,38,26,19,157,False,False,False,Fire Emblem: Path of Radiance,False,['5'],NA
Lewyn,Tier 2,Green,Tome,Infantry,stars-5-Star,38,34,37,17,25,151,False,True,False,Fire Emblem: Genealogy of the Holy War,False,['5'],NA
Libra,Tier 3,Green,Axe,Infantry,stars-3-4,40,35,32,28,29,164,True,False,False,Fire Emblem: Awakening,False,"['3', '4']",NA
Lilina,Tier 2,Red,Tome,Infantry,stars-3-4,35,37,25,19,31,147,True,True,False,Fire Emblem: The Binding Blade,False,"['3', '4']",NA
Lilina (LA),Tier 3,Green,Tome,Cavalry,stars-5-Star,34,35,30,20,26,145,False,False,False,Fire Emblem: The Binding Blade,False,['5'],NA
Linde,Tier 3,Blue,Tome,Infantry,stars-5_Legacy,35,35,36,14,27,147,True,True,False,Fire Emblem: Mystery of the Emblem,False,['5'],Legacy
Linus,Tier 2,Green,Axe,Infantry,stars-3-4_Grand_Hero_Battle,42,37,33,32,19,163,True,True,False,Fire Emblem: The Blazing Blade,False,"['3', '4']",GHB
Lissa,Tier 5,Gray,Staff,Infantry,stars-3-4,39,26,25,28,30,148,True,False,False,Fire Emblem: Awakening,False,"['3', '4']",NA
Lloyd,Tier 4,Red,Sword,Infantry,stars-3-4_Grand_Hero_Battle,41,32,35,20,30,158,True,True,False,Fire Emblem: The Blazing Blade,False,"['3', '4']",GHB
Loki,Tier 2,Gray,Staff,Infantry,stars-5-Star,42,33,35,16,25,151,False,True,False,Fire Emblem Heroes,False,['5'],NA
Lon'qu,Tier 2,Red,Sword,Infantry,stars-3-4,45,29,39,22,22,157,True,True,False,Fire Emblem: Awakening,False,"['3', '4']",NA
Lucina,Tier 2,Red,Sword,Infantry,stars-5_Legacy,43,34,36,25,19,157,True,True,False,Fire Emblem: Awakening,False,['5'],Legacy
Lucius,Tier 4,Gray,Staff,Infantry,stars-3-4,37,32,30,13,35,147,True,False,False,Fire Emblem: The Blazing Blade,False,"['3', '4']",NA
Lugh,Tier 3,Green,Tome,Infantry,stars-5-Star,37,35,36,17,31,156,True,False,False,Fire Emblem: The Binding Blade,False,['5'],NA
Lukas,Tier 4,Blue,Lance,Infantry,stars-3-4,45,35,22,38,17,157,True,False,False,Fire Emblem Echoes,False,"['3', '4']",NA
Luke,Tier 3,Red,Sword,Cavalry,stars-5_Legacy,43,34,28,30,20,155,True,True,False,Fire Emblem: New Mystery of the Emblem,False,['5'],Legacy
Lute,Tier 2,Blue,Tome,Infantry,stars-5_Legacy,33,36,32,16,34,151,True,True,False,Fire Emblem: Sacred Stones,False,['5'],Legacy
Lyn,Tier 4,Red,Sword,Infantry,stars-5_Legacy,37,28,37,26,29,157,True,True,False,Fire Emblem: The Blazing Blade,False,['5'],Legacy
Lyn (LA),Tier 2,Blue,Tome,Armored,stars-5-Star,37,31,36,27,34,165,True,False,False,Fire Emblem: The Blazing Blade,False,['5'],NA
Lyon,Tier 4,Red,Tome,Infantry,stars-3-4_Grand_Hero_Battle,41,34,21,26,30,152,False,True,False,Fire Emblem Heroes,False,"['3', '4']",GHB
Mae,Tier 2,Blue,Tome,Infantry,stars-3-4,35,36,31,16,30,148,True,True,False,Fire Emblem Echoes,False,"['3', '4']",NA
Mareeta,,Red,Sword,Infantry,stars-5-Star,41,35,42,31,23,172,False,True,False,Fire Emblem: Thracia 776,False,['5'],NA
Maria,Tier 4,Gray,Staff,Infantry,stars-3-4,36,27,34,19,32,148,True,False,False,Fire Emblem: Mystery of the Emblem,False,"['3', '4']",NA
Maribelle,Tier 2,Gray,Staff,Cavalry,stars-5-Star,34,35,33,16,27,145,True,False,False,Fire Emblem: Awakening,False,['5'],NA
Marisa,Tier 4,Red,Sword,Infantry,stars-4-5_Event:_Tempest_Trials,46,30,36,30,21,163,True,False,False,Fire Emblem: The Sacred Stones,False,"['4', '5']",TT
Marth,Tier 3,Red,Sword,Infantry,stars-3-4,41,31,34,29,23,158,True,True,False,Fire Emblem: Mystery of the Emblem,False,"['3', '4']",NA
Masked Marth,Tier 2,Red,Sword,Infantry,stars-4-5_Event:_Tempest_Trials,43,34,36,25,19,157,True,True,False,Fire Emblem: Awakening,False,"['4', '5']",TT
Mathilda,Tier 5,Blue,Lance,Cavalry,stars-3-4,35,29,32,24,34,154,True,True,False,Fire Emblem Echoes,False,"['3', '4']",NA
Matthew,Tier 4,Gray,Dagger,Infantry,stars-3-4,41,25,34,30,18,148,True,True,False,Fire Emblem: The Blazing Blade,False,"['3', '4']",NA
Mercedes,Tier 3,Gray,Staff,Infantry,stars-4-5,39,33,30,22,33,157,True,False,False,Fire Emblem: Three Houses,False,"['4', '5']",NA
Merric,Tier 3,Green,Tome,Infantry,stars-3-4,43,26,32,28,19,148,True,True,False,Fire Emblem: Mystery of the Emblem,False,"['3', '4']",NA
Mia,Tier 3,Red,Sword,Infantry,stars-5_Legacy,38,32,40,28,25,163,True,True,False,Fire Emblem: Path of Radiance,False,['5'],Legacy
Micaiah,Tier 2,Blue,Tome,Infantry,stars-5-Star,35,35,28,18,35,151,False,True,False,Fire Emblem: Radiant Dawn,False,['5'],NA
Michalis,Tier 4,Green,Axe,Flying,stars-3-4_Grand_Hero_Battle,43,34,26,35,19,157,True,True,False,Fire Emblem: Mystery of the Emblem,False,"['3', '4']",GHB
Mikoto,Tier 3,Gray,Staff,Infantry,stars-5-Star,38,35,32,20,26,151,True,False,False,Fire Emblem Heroes,False,['5'],NA
Minerva,Tier 4,Green,Axe,Flying,stars-5_Legacy,40,31,33,32,22,158,True,True,False,Fire Emblem: Mystery of the Emblem,False,['5'],Legacy
Mist,Tier 5,Gray,Staff,Infantry,stars-5_Legacy,39,27,28,20,34,148,True,False,False,Fire Emblem: Path of Radiance,False,['5'],Legacy
Mordecai,Tier 3,Blue,Beast,Infantry,stars-4-5,47,37,24,39,20,167,False,False,False,Fire Emblem: Path of Radiance,False,"['4', '5']",NA
Morgan (F),Tier 3,Blue,Tome,Flying,stars-5-Star,37,34,30,16,33,150,True,False,False,Fire Emblem: Awakening,False,['5'],NA
Morgan (M),Tier 3,Red,Tome,Infantry,stars-3-4,37,33,34,20,26,150,False,True,False,Fire Emblem: Awakening,False,"['3', '4']",NA
Myrrh,Tier 2,Green,Dragon,Flying,stars-5-Star,42,33,25,36,31,167,False,True,False,Fire Emblem: The Sacred Stones,False,['5'],NA
Naesala,Tier 2,Blue,Beast,Flying,stars-3-4_Grand_Hero_Battle,39,32,38,24,29,162,False,True,False,Fire Emblem: Radiant Dawn,False,"['3', '4']",GHB
Naga (Unit),Tier 2,Blue,Dragon,Flying,stars-5-Star,37,30,36,33,26,162,False,False,True,Fire Emblem: Awakening,False,['5'],NA
Nagi,Tier 1,Green,Dragon,Armored,stars-5-Star,46,37,19,36,41,179,False,True,False,Fire Emblem: Mystery of the Emblem,False,['5'],NA
Nah,Tier 2,Red,Dragon,Infantry,stars-5-Star,44,34,25,38,32,173,False,False,False,Fire Emblem: Awakening,False,['5'],NA
Nailah,Tier 2,Blue,Beast,Infantry,stars-5-Star,40,31,37,32,23,163,False,True,False,Fire Emblem: Radiant Dawn,False,['5'],NA
Nanna,Tier 3,Gray,Staff,Cavalry,stars-3-4,36,27,34,21,26,144,True,False,False,Fire Emblem: Thracia 776,False,"['3', '4']",NA
Narcian,Tier 5,Green,Axe,Flying,stars-2-3_Grand_Hero_Battle,42,29,29,32,26,158,False,False,False,Fire Emblem: The Binding Blade,False,['3'],GHB
Navarre,Tier 3,Red,Sword,Infantry,stars-3-4_Grand_Hero_Battle,42,31,37,23,24,157,True,True,False,Fire Emblem: Mystery of the Emblem,False,"['3', '4']",GHB
Nephenee,Tier 3,Blue,Lance,Infantry,stars-5_Legacy,37,31,35,34,20,157,True,True,False,Fire Emblem: Path of Radiance,False,['5'],Legacy
New Year Alfonse,,Blue,Tome,Infantry,stars-5-Star,41,38,17,35,30,161,False,True,False,Fire Emblem Heroes,False,['5'],NA
New Year Anna,,Red,Bow,Infantry,stars-5-Star,40,34,40,16,37,167,False,False,False,Fire Emblem Heroes,False,['5'],NA
New Year Azura,Tier 2,Green,Axe,Flying,stars-5-Star,37,30,35,22,26,150,True,False,False,Fire Emblem Fates,True,['5'],NA
New Year Camilla,Tier 4,Red,Sword,Flying,stars-5-Star,40,33,35,31,23,162,True,False,False,Fire Emblem Heroes,False,['5'],NA
New Year Corrin (M),Tier 4,Gray,Bow,Infantry,stars-4-5_Event:_Tempest_Trials,37,32,30,34,18,151,True,False,False,Fire Emblem Fates,False,"['4', '5']",TT
New Year Eir,,Red,Dagger,Flying,stars-4-5_Event:_Tempest_Trials,39,31,36,21,34,161,False,False,False,Fire Emblem Heroes,False,"['4', '5']",TT
New Year Fjorm,Tier 3,Green,Bow,Flying,stars-5-Star,39,35,35,20,21,150,True,False,False,Fire Emblem Heroes,False,['5'],NA
New Year Gunnthrá,Tier 3,Red,Sword,Flying,stars-5-Star,38,34,37,27,26,162,False,True,False,Fire Emblem Heroes,False,['5'],NA
New Year Hríd,Tier 4,Red,Sword,Flying,stars-5-Star,42,38,19,36,27,162,True,False,False,Fire Emblem Heroes,False,['5'],NA
New Year Laegjarn,Tier 4,Blue,Lance,Cavalry,stars-4-5_Event:_Tempest_Trials,38,32,35,35,17,157,True,False,False,Fire Emblem Heroes,False,"['4', '5']",TT
New Year Laevatein,Tier 2,Gray,Staff,Cavalry,stars-5-Star,33,36,30,27,18,144,True,False,False,Fire Emblem Heroes,False,['5'],NA
New Year Lethe,,Green,Beast,Cavalry,stars-5-Star,41,35,41,27,18,162,False,True,False,Fire Emblem: Radiant Dawn,False,['5'],NA
New Year Selkie,,Gray,Beast,Cavalry,stars-5-Star,35,31,39,16,40,161,False,True,False,Fire Emblem Fates,False,['5'],NA
New Year Takumi,Tier 3,Gray,Dagger,Infantry,stars-5-Star,40,34,34,17,27,152,True,False,False,Fire Emblem Heroes,False,['5'],NA
Niles,Tier 3,Gray,Bow,Infantry,stars-3-4,37,25,34,17,34,147,True,True,False,Fire Emblem Fates,False,"['3', '4']",NA
Nina,Tier 3,Gray,Bow,Infantry,stars-5-Star,35,32,37,16,31,151,True,False,False,Fire Emblem Fates,False,['5'],NA
Ninian,Tier 3,Blue,Dragon,Infantry,stars-5_Legacy,42,24,33,23,27,149,True,False,False,Fire Emblem: The Blazing Blade,True,['5'],Legacy
Nino,Tier 2,Green,Tome,Infantry,stars-3-4,33,33,36,19,26,147,True,False,False,Fire Emblem: The Blazing Blade,False,"['3', '4']",NA
Nino (SF),Tier 2,Green,Tome,Flying,stars-5-Star,36,33,38,17,25,149,False,True,False,Fire Emblem: The Blazing Blade,False,['5'],NA
Norne,Tier 3,Gray,Bow,Infantry,stars-4-5,42,32,36,31,27,168,True,False,False,Fire Emblem: Mystery of the Emblem,False,"['4', '5']",NA
Nowi,Tier 2,Blue,Dragon,Infantry,stars-3-4,45,34,27,30,27,163,True,False,False,Fire Emblem: Awakening,False,"['3', '4']",NA
Oboro,Tier 4,Blue,Lance,Infantry,stars-3-4,40,32,26,35,24,157,True,False,False,Fire Emblem Fates,False,"['3', '4']",NA
Odin,Tier 3,Blue,Tome,Infantry,stars-3-4,43,22,32,25,25,147,True,True,False,Fire Emblem Fates,False,"['3', '4']",NA
Ogma,Tier 3,Red,Sword,Infantry,stars-3-4,47,35,34,28,13,157,True,True,False,Fire Emblem: Mystery of the Emblem,False,"['3', '4']",NA
Oliver,Tier 5,Blue,Tome,Infantry,stars-3-4_Grand_Hero_Battle,42,32,20,23,34,151,True,False,False,Fire Emblem: Radiant Dawn,False,"['3', '4']",GHB
Olivia,Tier 3,Red,Sword,Infantry,stars-3-4,36,28,33,27,26,150,True,False,False,Fire Emblem: Awakening,True,"['3', '4']",NA
Olivia (YT),Tier 2,Red,Sword,Flying,stars-5-Star,36,30,34,26,23,149,False,True,False,Fire Emblem: Awakening,True,['5'],NA
Olwen,Tier 4,Blue,Tome,Cavalry,stars-5-Star,34,26,34,20,30,144,False,True,False,Fire Emblem: Thracia 776,False,['5'],NA
Olwen (WT),Tier 2,Green,Tome,Cavalry,stars-5_Legacy,34,30,35,19,27,145,False,True,False,Fire Emblem: Thracia 776,False,['5'],Legacy
Ophelia,Tier 1,Blue,Tome,Infantry,stars-5-Star,38,37,33,20,23,151,False,True,False,Fire Emblem Fates,False,['5'],NA
Oscar,Tier 3,Blue,Lance,Cavalry,stars-3-4,40,33,34,26,21,154,True,True,False,Fire Emblem: Path of Radiance,False,"['3', '4']",NA
Osian,,Green,Axe,Infantry,stars-5-Star,42,35,36,33,27,173,False,True,False,Fire Emblem: Thracia 776,False,['5'],NA
Owain,Tier 2,Red,Sword,Infantry,stars-5-Star,41,32,37,31,22,163,False,True,False,Fire Emblem: Awakening,False,['5'],NA
Palla,Tier 4,Red,Sword,Flying,stars-3-4,42,31,31,28,26,158,True,True,False,Fire Emblem Gaiden,False,"['3', '4']",NA
Panne,Tier 2,Blue,Beast,Cavalry,stars-3-4_Grand_Hero_Battle,41,29,34,30,23,157,False,False,False,Fire Emblem: Awakening,False,"['3', '4']",GHB
Peony,,Blue,Tome,Flying,stars-5-Star,38,31,36,16,24,145,False,True,True,Fire Emblem Heroes,True,['5'],NA
Perceval,Tier 2,Blue,Lance,Cavalry,stars-5-Star,38,32,37,28,27,162,False,True,False,Fire Emblem: The Binding Blade,False,['5'],NA
Performing Azura,Tier 2,Green,Axe,Infantry,stars-5-Star,35,32,34,20,28,149,False,True,False,Fire Emblem Fates,True,['5'],NA
Performing Inigo,Tier 3,Green,Tome,Infantry,stars-5-Star,37,28,33,22,20,140,True,False,False,Fire Emblem: Awakening,True,['5'],NA
Performing Olivia,Tier 3,Gray,Dagger,Infantry,stars-5-Star,34,28,34,16,28,140,True,False,False,Fire Emblem: Awakening,True,['5'],NA
Performing Shigure,Tier 3,Blue,Tome,Infantry,stars-5-Star,34,31,29,21,24,139,True,False,False,Fire Emblem Fates,True,['5'],NA
Peri,Tier 3,Blue,Lance,Cavalry,stars-3-4,35,33,33,23,30,154,True,False,False,Fire Emblem Fates,False,"['3', '4']",NA
Petra,Tier 3,Blue,Dagger,Flying,stars-5-Star,40,32,38,25,20,155,False,True,False,Fire Emblem: Three Houses,False,['5'],NA
Phina,Tier 2,Red,Sword,Infantry,stars-5-Star,40,35,37,26,23,161,False,True,False,Fire Emblem: Mystery of the Emblem,True,['5'],NA
Picnic Felicia,Tier 2,Green,Axe,Armored,stars-5-Star,43,30,37,30,35,175,False,False,False,Fire Emblem Fates,False,['5'],NA
Picnic Flora,Tier 2,Red,Dagger,Armored,stars-5-Star,43,38,22,29,38,170,False,False,False,Fire Emblem Fates,False,['5'],NA
Picnic Genny,Tier 3,Gray,Staff,Cavalry,stars-5-Star,35,36,24,14,34,143,True,False,False,Fire Emblem Echoes,False,['5'],NA
Picnic Leo,Tier 4,Green,Tome,Cavalry,stars-4-5_Event:_Tempest_Trials,37,33,21,27,28,146,True,False,False,Fire Emblem Fates,False,"['4', '5']",TT
Picnic Lukas,Tier 3,Blue,Lance,Armored,stars-5-Star,51,37,21,42,22,173,True,False,False,Fire Emblem Echoes,False,['5'],NA
Priscilla,Tier 3,Gray,Staff,Cavalry,stars-3-4,36,29,29,19,32,145,True,False,False,Fire Emblem: The Blazing Blade,False,"['3', '4']",NA
Python,Tier 3,Green,Bow,Cavalry,stars-4-5,38,32,35,31,20,156,True,False,False,Fire Emblem Echoes,False,"['4', '5']",NA
Quan,Tier 4,Blue,Lance,Cavalry,stars-5-Star,44,37,29,31,16,157,False,True,False,Fire Emblem: Genealogy of the Holy War,False,['5'],NA
Raigh,Tier 5,Red,Tome,Infantry,stars-3-4,36,32,29,22,29,148,True,True,False,Fire Emblem: The Binding Blade,False,"['3', '4']",NA
Ranulf,Tier 3,Green,Beast,Cavalry,stars-5-Star,40,30,37,33,17,157,False,False,False,Fire Emblem: Path of Radiance,False,['5'],NA
Raven,Tier 2,Green,Axe,Infantry,stars-3-4,41,34,35,25,22,157,True,True,False,Fire Emblem: The Blazing Blade,False,"['3', '4']",NA
Rebecca,Tier 5,Gray,Bow,Infantry,stars-3-4,37,29,34,21,27,148,True,False,False,Fire Emblem: The Blazing Blade,False,"['3', '4']",NA
Reinhardt,Tier 2,Blue,Tome,Cavalry,stars-3-4,38,32,23,27,25,145,False,True,False,Fire Emblem: Thracia 776,False,"['3', '4']",NA
Reinhardt (WT),Tier 2,Red,Sword,Cavalry,stars-5-Star,40,35,23,31,28,157,False,True,False,Fire Emblem: Thracia 776,False,['5'],NA
Reyson,Tier 2,Green,Beast,Flying,stars-4-5,37,29,34,24,26,150,False,True,False,Fire Emblem: Radiant Dawn,True,"['4', '5']",NA
Rhajat,Tier 3,Green,Tome,Infantry,stars-5-Star,36,35,34,21,24,150,True,False,False,Fire Emblem Fates,False,['5'],NA
Robin (F),Tier 3,Green,Tome,Infantry,stars-2-3_Grand_Hero_Battle,40,29,29,29,22,149,True,True,False,Fire Emblem: Awakening,False,['3'],GHB
Robin (M),Tier 3,Blue,Tome,Infantry,stars-3-4,40,29,29,29,22,149,True,True,False,Fire Emblem: Awakening,False,"['3', '4']",NA
Roderick,Tier 4,Blue,Lance,Cavalry,stars-3-4,40,31,34,25,24,154,True,True,False,Fire Emblem: New Mystery of the Emblem,False,"['3', '4']",NA
Ross,Tier 3,Green,Axe,Infantry,stars-3-4,47,38,31,32,24,172,False,False,False,Fire Emblem: The Sacred Stones,False,"['3', '4']",NA
Roy,Tier 3,Red,Sword,Infantry,stars-3-4,44,30,31,25,28,158,True,True,False,Fire Emblem: The Binding Blade,False,"['3', '4']",NA
Roy (LA),Tier 3,Gray,Bow,Cavalry,stars-5-Star,34,35,19,27,30,145,True,False,False,Fire Emblem: The Binding Blade,False,['5'],NA
Rutger,Tier 3,Red,Sword,Infantry,stars-3-4_Grand_Hero_Battle,44,32,39,29,24,168,True,False,False,Fire Emblem: The Binding Blade,False,"['3', '4']",GHB
Ryoma,Tier 3,Red,Sword,Infantry,stars-5_Legacy,41,34,35,27,21,158,False,True,False,Fire Emblem Fates,False,['5'],Legacy
Saber,Tier 2,Red,Sword,Infantry,stars-5_Legacy,40,31,33,32,22,158,True,True,False,Fire Emblem Echoes,False,['5'],Legacy
Saias,Tier 3,Blue,Tome,Infantry,stars-3-4_Grand_Hero_Battle,36,33,30,18,34,151,False,True,False,Fire Emblem: Thracia 776,False,"['3', '4']",GHB
Saizo,Tier 3,Gray,Dagger,Infantry,stars-3-4,36,29,34,33,16,148,True,True,False,Fire Emblem Fates,False,"['3', '4']",NA
Sakura,Tier 5,Gray,Staff,Infantry,stars-3-4,36,28,30,24,30,148,True,False,False,Fire Emblem Fates,False,"['3', '4']",NA
Sanaki,Tier 3,Red,Tome,Infantry,stars-5_Legacy,33,37,26,17,34,147,True,True,False,Fire Emblem: Path of Radiance,False,['5'],Legacy
Selena,Tier 3,Red,Sword,Infantry,stars-3-4,37,25,35,32,28,157,True,True,False,Fire Emblem Fates,False,"['3', '4']",NA
Seliph,Tier 4,Red,Sword,Infantry,stars-3-4,47,34,24,30,22,157,True,True,False,Fire Emblem: Genealogy of the Holy War,False,"['3', '4']",NA
Selkie,Tier 2,Blue,Beast,Cavalry,stars-5-Star,35,29,38,19,35,156,False,False,False,Fire Emblem Fates,False,['5'],NA
Serra,Tier 4,Gray,Staff,Infantry,stars-3-4,33,30,31,21,33,148,True,False,False,Fire Emblem: The Blazing Blade,False,"['3', '4']",NA
Seth,Tier 4,Red,Sword,Cavalry,stars-3-4,37,32,31,32,22,154,True,False,False,Fire Emblem: The Sacred Stones,False,"['3', '4']",NA
Setsuna,Tier 4,Gray,Bow,Infantry,stars-3-4,37,28,37,22,23,147,False,False,False,Fire Emblem Fates,False,"['3', '4']",NA
Shanna,Tier 4,Blue,Lance,Flying,stars-3-4,39,30,35,25,29,158,True,True,False,Fire Emblem: The Binding Blade,False,"['3', '4']",NA
Sharena,Tier 4,Blue,Lance,Infantry,stars-4_Star_Story,43,32,32,29,22,158,True,True,False,Fire Emblem Heroes,False,['4'],Story
Sheena,Tier 3,Green,Axe,Armored,stars-3-4,45,30,25,36,33,169,False,False,False,Fire Emblem: Mystery of the Emblem,False,"['3', '4']",NA
Shigure,Tier 4,Blue,Lance,Flying,stars-3-4,40,33,37,27,25,162,True,False,False,Fire Emblem Fates,False,"['3', '4']",NA
Shiro,Tier 4,Blue,Lance,Infantry,stars-5-Star,41,35,30,35,22,163,False,True,False,Fire Emblem Fates,False,['5'],NA
Siegbert,Tier 4,Red,Sword,Cavalry,stars-5-Star,41,34,35,31,16,157,False,True,False,Fire Emblem Fates,False,['5'],NA
Sigrun,Tier 4,Blue,Lance,Flying,stars-4-5_Event:_Tempest_Trials,37,32,36,28,34,167,True,False,False,Fire Emblem Heroes,False,"['4', '5']",TT
Sigurd,Tier 3,Red,Sword,Cavalry,stars-5_Legacy,41,35,32,34,17,159,False,True,False,Fire Emblem: Genealogy of the Holy War,False,['5'],Legacy
Silas,Tier 4,Blue,Lance,Cavalry,stars-3-4,40,35,24,36,21,156,True,False,False,Fire Emblem Fates,False,"['3', '4']",NA
Silque,Tier 2,Gray,Staff,Infantry,stars-5-Star,39,33,23,35,31,161,True,False,False,Fire Emblem Echoes,False,['5'],NA
Silvia,Tier 3,Red,Sword,Infantry,stars-3-4,40,27,36,17,30,150,True,False,False,Fire Emblem: Genealogy of the Holy War,True,"['3', '4']",NA
Sirius (Unit),Tier 2,Blue,Lance,Cavalry,stars-5-Star,40,34,37,35,16,162,False,True,False,Fire Emblem: Mystery of the Emblem,False,['5'],NA
Soiree Berkut,Tier 2,Blue,Lance,Infantry,stars-5-Star,41,36,23,37,24,161,False,True,False,Fire Emblem Echoes,True,['5'],NA
Soiree Ishtar,Tier 1,Red,Tome,Flying,stars-5-Star,36,34,36,16,22,144,False,True,False,Fire Emblem: Thracia 776,True,['5'],NA
Soiree Nephenee,Tier 2,Gray,Bow,Infantry,stars-5-Star,37,35,36,24,25,157,True,False,False,Fire Emblem: Path of Radiance,True,['5'],NA
Soiree Reinhardt,Tier 1,Green,Tome,Flying,stars-5-Star,38,34,21,27,25,145,False,True,False,Fire Emblem: Thracia 776,True,['5'],NA
Soiree Rinea,Tier 3,Blue,Tome,Infantry,stars-4-5_Event:_Tempest_Trials,38,30,33,23,28,152,True,False,False,Fire Emblem Echoes,True,"['4', '5']",TT
Soleil,Tier 3,Red,Sword,Infantry,stars-3-4,37,38,35,28,24,162,False,False,False,Fire Emblem Fates,False,"['3', '4']",NA
Sonya,Tier 1,Green,Tome,Infantry,stars-5_Legacy,36,33,31,15,32,147,True,True,False,Fire Emblem Echoes,False,['5'],Legacy
Sophia,Tier 4,Red,Tome,Infantry,stars-3-4,40,33,19,28,29,149,True,False,False,Fire Emblem: The Binding Blade,False,"['3', '4']",NA
Soren,Tier 3,Green,Tome,Infantry,stars-3-4,36,33,33,17,29,148,True,True,False,Fire Emblem: Path of Radiance,False,"['3', '4']",NA
Sothe,Tier 3,Gray,Dagger,Infantry,stars-3-4,39,36,33,22,21,151,False,True,False,Fire Emblem: Radiant Dawn,False,"['3', '4']",NA
Sothis,Tier 2,Red,Dragon,Infantry,stars-5-Star,41,34,39,32,27,173,False,True,True,Fire Emblem: Three Houses,False,['5'],NA
Spring Alfonse,Tier 4,Green,Axe,Cavalry,stars-5-Star,41,35,33,30,18,157,True,False,False,Fire Emblem Heroes,False,['5'],NA
Spring Bruno,Tier 3,Gray,Staff,Cavalry,stars-5-Star,41,30,24,35,14,144,True,False,False,Fire Emblem Heroes,False,['5'],NA
Spring Camilla,Tier 4,Green,Tome,Flying,stars-5-Star,39,35,25,30,19,148,True,False,False,Fire Emblem Fates,False,['5'],NA
Spring Catria,Tier 3,Blue,Tome,Cavalry,stars-5-Star,36,32,35,18,23,144,False,True,False,Fire Emblem Heroes,False,['5'],NA
Spring Chrom,Tier 4,Green,Axe,Infantry,stars-5-Star,43,35,32,28,20,158,True,False,False,Fire Emblem Fates,False,['5'],NA
Spring Kagero,Tier 3,Gray,Dagger,Flying,stars-5-Star,36,35,34,18,27,150,True,False,False,Fire Emblem Fates,False,['5'],NA
Spring Loki,Tier 4,Gray,Bow,Flying,stars-4-5_Event:_Tempest_Trials,39,31,34,27,25,156,True,False,False,Fire Emblem Heroes,False,"['4', '5']",TT
Spring Lucina,Tier 4,Blue,Tome,Infantry,stars-5-Star,35,29,36,22,25,147,True,False,False,Fire Emblem: Awakening,False,['5'],NA
Spring Marisa,Tier 4,Blue,Lance,Flying,stars-5-Star,42,33,38,28,21,162,True,False,False,Fire Emblem: The Sacred Stones,False,['5'],NA
Spring Palla,Tier 3,Red,Dagger,Flying,stars-5-Star,38,37,34,17,29,155,True,False,False,Fire Emblem: Shadow Dragon,False,['5'],NA
Spring Sharena,Tier 3,Green,Tome,Infantry,stars-5-Star,37,32,36,16,30,151,False,True,False,Fire Emblem Heroes,False,['5'],NA
Spring Veronica,Tier 2,Green,Tome,Flying,stars-5-Star,38,35,36,16,25,150,False,False,False,Fire Emblem Heroes,False,['5'],NA
Spring Xander,Tier 5,Blue,Lance,Cavalry,stars-5-Star,40,25,28,35,26,154,True,False,False,Fire Emblem Fates,False,['5'],NA
Stahl,Tier 4,Red,Sword,Cavalry,stars-3-4,45,31,26,30,22,154,True,False,False,Fire Emblem: Awakening,False,"['3', '4']",NA
Subaki,Tier 4,Blue,Lance,Flying,stars-3-4,40,25,35,35,22,157,True,True,False,Fire Emblem Fates,False,"['3', '4']",NA
Sue,Tier 3,Green,Bow,Cavalry,stars-5-Star,36,32,38,23,20,149,True,False,False,Fire Emblem: The Binding Blade,False,['5'],NA
Sully,Tier 4,Blue,Lance,Cavalry,stars-3-4,42,26,34,24,28,154,True,False,False,Fire Emblem: Awakening,False,"['3', '4']",NA
Sumia,Tier 4,Blue,Lance,Flying,stars-5-Star,39,30,39,29,25,162,True,False,False,Fire Emblem: Awakening,False,['5'],NA
Summer Camilla,Tier 3,Blue,Tome,Flying,stars-5-Star,39,33,36,23,19,150,True,False,False,Fire Emblem Fates,False,['5'],NA
Summer Cordelia,Tier 3,Blue,Lance,Cavalry,stars-5-Star,41,32,38,28,18,157,True,False,False,Fire Emblem: Awakening,False,['5'],NA
Summer Corrin (F),Tier 3,Blue,Tome,Flying,stars-5-Star,34,31,34,22,26,147,True,False,False,Fire Emblem Fates,False,['5'],NA
Summer Elise,Tier 3,Green,Tome,Infantry,stars-5-Star,34,36,34,18,25,147,True,False,False,Fire Emblem Fates,False,['5'],NA
Summer Fiora,Tier 4,Red,Sword,Flying,stars-4-5_Event:_Tempest_Trials,40,32,37,26,28,163,True,False,False,Fire Emblem: The Blazing Blade,False,"['4', '5']",TT
Summer Frederick,Tier 5,Gray,Dagger,Infantry,stars-5-Star,40,32,31,28,18,149,True,False,False,Fire Emblem: Awakening,False,['5'],NA
Summer Gaius,Tier 4,Gray,Bow,Infantry,stars-5-Star,34,30,37,19,28,148,True,False,False,Fire Emblem Heroes,False,['5'],NA
Summer Gunnthrá,Tier 3,Gray,Dagger,Cavalry,stars-5-Star,39,33,37,17,24,150,True,False,False,Fire Emblem Heroes,False,['5'],NA
Summer Helbindi,Tier 3,Red,Sword,Infantry,stars-5-Star,44,36,18,37,33,168,True,False,False,Fire Emblem Heroes,False,['5'],NA
Summer Innes,Tier 3,Green,Axe,Flying,stars-5-Star,42,33,37,30,20,162,True,False,False,Fire Emblem: The Sacred Stones,False,['5'],NA
Summer Laegjarn,Tier 2,Blue,Tome,Flying,stars-5-Star,37,34,37,20,21,149,False,True,False,Fire Emblem Heroes,False,['5'],NA
Summer Laevatein,Tier 3,Green,Tome,Flying,stars-5-Star,38,38,16,31,26,149,True,False,False,Fire Emblem Heroes,False,['5'],NA
Summer Leo,Tier 5,Red,Tome,Infantry,stars-5-Star,37,32,27,16,35,147,True,False,False,Fire Emblem Fates,False,['5'],NA
Summer Lilina,Tier 4,Red,Dagger,Cavalry,stars-5-Star,35,38,25,16,35,149,True,False,False,Fire Emblem: The Binding Blade,False,['5'],NA
Summer Linde,Tier 3,Gray,Dagger,Cavalry,stars-5-Star,33,34,35,16,26,144,True,False,False,Fire Emblem: Mystery of the Emblem,False,['5'],NA
Summer Lyn,Tier 3,Blue,Bow,Flying,stars-5-Star,37,33,38,20,27,155,False,True,False,Fire Emblem: The Blazing Blade,False,['5'],NA
Summer Noire,Tier 3,Gray,Bow,Infantry,stars-5-Star,36,32,36,27,20,151,True,False,False,Fire Emblem: Awakening,False,['5'],NA
Summer Robin (F),Tier 4,Blue,Lance,Infantry,stars-5-Star,35,32,34,28,29,158,True,False,False,Fire Emblem Heroes,False,['5'],NA
Summer Takumi,Tier 3,Gray,Bow,Flying,stars-5-Star,40,35,35,21,19,150,True,False,False,Fire Emblem Fates,False,['5'],NA
Summer Tana,Tier 3,Red,Tome,Flying,stars-5-Star,35,33,36,20,25,149,False,True,False,Fire Emblem: The Sacred Stones,False,['5'],NA
Summer Tiki (Adult),Tier 4,Green,Axe,Infantry,stars-5-Star,35,36,30,32,24,157,True,False,False,Fire Emblem Heroes,False,['5'],NA
Summer Tiki (Young),Tier 2,Red,Dragon,Flying,stars-5-Star,40,33,37,32,26,168,False,True,False,Fire Emblem: Awakening,False,['5'],NA
Summer Ursula,Tier 3,Gray,Dagger,Cavalry,stars-5-Star,36,36,34,16,28,150,True,False,False,Fire Emblem: The Blazing Blade,False,['5'],NA
Summer Wolt,Tier 3,Green,Bow,Cavalry,stars-5-Star,40,34,34,25,17,150,True,False,False,Fire Emblem: The Binding Blade,False,['5'],NA
Summer Xander,Tier 4,Green,Axe,Infantry,stars-5-Star,43,32,30,36,16,157,True,False,False,Fire Emblem Fates,False,['5'],NA
Summer Ylgr,Tier 3,Green,Axe,Infantry,stars-4-5_Event:_Tempest_Trials,42,35,36,30,25,168,True,False,False,Fire Emblem Heroes,False,"['4', '5']",TT
Surtr,Tier 1,Green,Axe,Armored,stars-5-Star,50,39,17,40,33,179,False,True,False,Fire Emblem Heroes,False,['5'],NA
Tailtiu,Tier 2,Blue,Tome,Infantry,stars-3-4,39,32,35,17,25,148,True,True,False,Fire Emblem: Genealogy of the Holy War,False,"['3', '4']",NA
Takumi,Tier 4,Gray,Bow,Infantry,stars-5_Legacy,40,32,33,25,18,148,True,True,False,Fire Emblem Fates,False,['5'],Legacy
Tana,Tier 3,Blue,Lance,Flying,stars-5_Legacy,36,34,36,25,25,156,True,True,False,Fire Emblem: The Sacred Stones,False,['5'],Legacy
Tanya,,Gray,Bow,Infantry,stars-3-4,41,30,37,25,28,161,True,False,False,Fire Emblem: Thracia 776,False,"['3', '4']",NA
Tethys,Tier 3,Gray,Dagger,Infantry,stars-4-5,38,27,35,23,34,157,True,False,False,Fire Emblem: The Sacred Stones,True,"['4', '5']",NA
Tharja,Tier 1,Red,Tome,Infantry,stars-3-4,39,32,34,23,20,148,True,True,False,Fire Emblem: Awakening,False,"['3', '4']",NA
Thea,Tier 4,Blue,Lance,Flying,stars-4-5,37,31,35,31,28,162,True,False,False,Fire Emblem: The Binding Blade,False,"['4', '5']",NA
Thrasir,,Green,Tome,Infantry,stars-5-Star,40,33,39,23,27,162,False,True,True,Fire Emblem Heroes,False,['5'],NA
Tibarn,Tier 1,Red,Beast,Flying,stars-5-Star,41,38,31,34,18,162,False,True,False,Fire Emblem: Radiant Dawn,False,['5'],NA
Tiki (Adult),Tier 2,Red,Dragon,Infantry,stars-3-4,40,35,23,35,24,157,True,True,False,Fire Emblem: Awakening,False,"['3', '4']",NA
Tiki (Young),Tier 2,Red,Dragon,Infantry,stars-5_Legacy,41,31,30,32,29,163,True,True,False,Fire Emblem: Awakening,False,['5'],Legacy
Titania,Tier 4,Green,Axe,Cavalry,stars-3-4,37,28,34,25,30,154,True,True,False,Fire Emblem: Path of Radiance,False,"['3', '4']",NA
Tobin,Tier 5,Red,Sword,Infantry,stars-4-5_Event:_Tempest_Trials,46,31,27,33,26,163,False,False,False,Fire Emblem Echoes,False,"['4', '5']",TT
Ursula,Tier 4,Blue,Tome,Cavalry,stars-3-4_Grand_Hero_Battle,35,29,32,19,30,145,False,False,False,Fire Emblem: The Blazing Blade,False,"['3', '4']",GHB
Valbar,Tier 3,Blue,Lance,Armored,stars-3-4,49,35,25,38,26,173,False,False,False,Fire Emblem Echoes,False,"['3', '4']",NA
Valentian Catria,Tier 2,Red,Sword,Flying,stars-5-Star,41,38,36,27,24,166,False,True,False,Fire Emblem Echoes,False,['5'],NA
Valentine's Greil,Tier 2,Green,Axe,Armored,stars-5-Star,47,41,18,38,30,174,True,False,False,Fire Emblem: Path of Radiance,False,['5'],NA
Valentine's Ike,Tier 1,Red,Sword,Armored,stars-5-Star,45,37,38,35,19,174,True,False,False,Fire Emblem: Path of Radiance,False,['5'],NA
Valentine's Mist,Tier 4,Green,Tome,Cavalry,stars-5-Star,36,34,34,17,23,144,True,False,False,Fire Emblem: Path of Radiance,False,['5'],NA
Valentine's Soren,Tier 3,Blue,Tome,Cavalry,stars-5-Star,37,35,33,14,25,144,True,False,False,Fire Emblem: Path of Radiance,False,['5'],NA
Valentine's Titania,Tier 3,Red,Tome,Cavalry,stars-4-5_Event:_Tempest_Trials,35,30,33,17,30,145,True,False,False,Fire Emblem Heroes,False,"['4', '5']",TT
Valter,Tier 4,Blue,Lance,Flying,stars-3-4_Grand_Hero_Battle,42,32,31,34,19,158,False,True,False,Fire Emblem: The Sacred Stones,False,"['3', '4']",GHB
Velouria,Tier 2,Gray,Beast,Infantry,stars-5-Star,40,35,37,33,23,168,False,False,False,Fire Emblem Fates,False,['5'],NA
Virion,Tier 2,Gray,Bow,Infantry,stars-3-4,46,31,31,26,13,147,True,True,False,Fire Emblem: Awakening,False,"['3', '4']",NA
Walhart,Tier 4,Green,Axe,Cavalry,stars-3-4_Grand_Hero_Battle,41,37,27,36,16,157,False,True,False,Fire Emblem: Awakening,False,"['3', '4']",GHB
Winter Cecilia,Tier 2,Gray,Dagger,Armored,stars-4-5_Event:_Tempest_Trials,41,35,23,30,36,165,True,False,False,Fire Emblem Heroes,False,"['4', '5']",TT
Winter Chrom,Tier 2,Green,Axe,Armored,stars-5-Star,51,40,19,35,29,174,True,False,False,Fire Emblem: Awakening,False,['5'],NA
Winter Eirika,Tier 2,Gray,Staff,Armored,stars-5-Star,42,36,23,30,34,165,True,False,False,Fire Emblem: The Sacred Stones,False,['5'],NA
Winter Ephraim,Tier 2,Blue,Lance,Armored,stars-5-Star,45,41,23,36,29,174,False,True,False,Fire Emblem: The Sacred Stones,False,['5'],NA
Winter Fae,Tier 2,Green,Dragon,Armored,stars-5-Star,45,35,26,33,41,180,True,False,False,Fire Emblem: The Binding Blade,False,['5'],NA
Winter Jaffar,,Green,Dagger,Armored,stars-4-5_Event:_Tempest_Trials,44,35,37,31,27,174,True,False,False,Fire Emblem: The Blazing Blade,False,"['4', '5']",TT
Winter Lissa,Tier 2,Green,Axe,Armored,stars-5-Star,43,33,30,35,34,175,True,False,False,Fire Emblem: Awakening,False,['5'],NA
Winter Marth,,Gray,Bow,Armored,stars-5-Star,42,36,41,30,25,174,False,True,False,Fire Emblem: Mystery of the Emblem,False,['5'],NA
Winter Nino,,Blue,Tome,Armored,stars-5-Star,40,35,41,22,31,169,True,False,False,Fire Emblem: The Blazing Blade,False,['5'],NA
Winter Robin,Tier 2,Blue,Lance,Armored,stars-5-Star,45,35,34,35,25,174,True,False,False,Fire Emblem: Awakening,False,['5'],NA
Winter Sothis,,Green,Dragon,Armored,stars-5-Star,44,35,41,30,35,185,False,True,False,Fire Emblem: Three Houses,False,['5'],NA
Winter Tharja,Tier 2,Red,Tome,Armored,stars-5-Star,43,34,18,34,36,165,True,False,False,Fire Emblem: Awakening,False,['5'],NA
Winter Zephiel,,Red,Sword,Armored,stars-5-Star,48,38,19,38,36,179,True,False,False,Fire Emblem: The Binding Blade,False,['5'],NA
Wrys,Tier 5,Gray,Staff,Infantry,stars-3-4,42,24,23,22,36,147,True,False,False,Fire Emblem: New Mystery of the Emblem,False,"['3', '4']",NA
Xander,Tier 4,Red,Sword,Cavalry,stars-3-4_Grand_Hero_Battle,44,32,24,37,17,154,False,True,False,Fire Emblem Fates,False,"['3', '4']",GHB
Yarne,Tier 2,Green,Beast,Cavalry,stars-5-Star,40,35,33,32,17,157,False,False,False,Fire Emblem: Awakening,False,['5'],NA
Ylgr,Tier 3,Blue,Dagger,Infantry,stars-5-Star,38,33,38,22,20,151,False,True,False,Fire Emblem Heroes,False,['5'],NA
Yune,Tier 2,Green,Tome,Flying,stars-5-Star,38,33,27,15,37,150,False,False,True,Fire Emblem: Radiant Dawn,False,['5'],NA
Zelgius,Tier 1,Red,Sword,Armored,stars-5-Star,46,36,33,38,21,174,False,True,False,Fire Emblem: Radiant Dawn,False,['5'],NA
Zephiel,Tier 2,Red,Sword,Armored,stars-3-4_Grand_Hero_Battle,55,35,16,38,24,168,True,True,False,Fire Emblem: The Binding Blade,False,"['3', '4']",GHB
